<?xml version="1.0"?>
<!-- <!DOCTYPE metadata SYSTEM "http://www.esri.com/metadata/esriprof80.dtd"> -->
<metadata xml:lang="en"><Esri><CreaDate>20190503</CreaDate><CreaTime>17594100</CreaTime><ArcGISFormat>1.0</ArcGISFormat><SyncOnce>FALSE</SyncOnce><DataProperties><lineage><Process ToolSource="c:\program files (x86)\arcgis\desktop10.6\ArcToolbox\Toolboxes\Data Management Tools.tbx\CreateFeatureclass" Date="20190503" Time="175941">CreateFeatureclass Z:\GEOG5790\project\data\shp alldata_1_2.shp POINT # DISABLED DISABLED "PROJCS['British_National_Grid',GEOGCS['GCS_OSGB_1936',DATUM['D_OSGB_1936',SPHEROID['Airy_1830',6377563.396,299.3249646]],PRIMEM['Greenwich',0.0],UNIT['Degree',0.0174532925199433]],PROJECTION['Transverse_Mercator'],PARAMETER['False_Easting',400000.0],PARAMETER['False_Northing',-100000.0],PARAMETER['Central_Meridian',-2.0],PARAMETER['Scale_Factor',0.9996012717],PARAMETER['Latitude_Of_Origin',49.0],UNIT['Meter',1.0]];-5220400 -15524400 10000;-100000 10000;-100000 10000;0.001;0.001;0.001;IsHighPrecision" # 0 0 0</Process><Process ToolSource="c:\program files (x86)\arcgis\desktop10.6\ArcToolbox\Toolboxes\Data Management Tools.tbx\AddField" Date="20190503" Time="175942">AddField Z:\GEOG5790\project\data\shp\alldata_1_2.shp easting LONG 6 # # # NULLABLE NON_REQUIRED #</Process><Process ToolSource="c:\program files (x86)\arcgis\desktop10.6\ArcToolbox\Toolboxes\Data Management Tools.tbx\AddField" Date="20190503" Time="175942">AddField Z:\GEOG5790\project\data\shp\alldata_1_2.shp northing LONG 6 # # # NULLABLE NON_REQUIRED #</Process><Process ToolSource="c:\program files (x86)\arcgis\desktop10.6\ArcToolbox\Toolboxes\Data Management Tools.tbx\AddField" Date="20190503" Time="175942">AddField Z:\GEOG5790\project\data\shp\alldata_1_2.shp notation TEXT # # # # NULLABLE NON_REQUIRED #</Process><Process ToolSource="c:\program files (x86)\arcgis\desktop10.6\ArcToolbox\Toolboxes\Data Management Tools.tbx\AddField" Date="20190503" Time="175942">AddField Z:\GEOG5790\project\data\shp\alldata_1_2.shp label TEXT # # # # NULLABLE NON_REQUIRED #</Process><Process ToolSource="c:\program files (x86)\arcgis\desktop10.6\ArcToolbox\Toolboxes\Data Management Tools.tbx\Merge" Date="20190503" Time="180146">Merge Z:\GEOG5790\project\data\shp\alldata_1_2.shp;Z:\GEOG5790\project\data\shp\alldata_1_3.shp;Z:\GEOG5790\project\data\shp\alldata_4_11.shp;Z:\GEOG5790\project\data\shp\alldata_6_28.shp;Z:\GEOG5790\project\data\shp\alldata_2_30.shp;Z:\GEOG5790\project\data\shp\alldata_4_12.shp;Z:\GEOG5790\project\data\shp\alldata_10_37.shp;Z:\GEOG5790\project\data\shp\alldata_10_36.shp;Z:\GEOG5790\project\data\shp\alldata_3_34.shp;Z:\GEOG5790\project\data\shp\alldata_1_1.shp;Z:\GEOG5790\project\data\shp\alldata_2_31.shp;Z:\GEOG5790\project\data\shp\alldata_3_35.shp;Z:\GEOG5790\project\data\shp\alldata_6_27.shp;Z:\GEOG5790\project\data\shp\alldata_2_29.shp;Z:\GEOG5790\project\data\shp\alldata_10_38.shp;Z:\GEOG5790\project\data\shp\alldata_10_39.shp Z:\GEOG5790\project\data\shp\england_wq_locs.shp "Id "Id" true true false 6 Long 0 6 ,First,#,Z:\GEOG5790\project\data\shp\alldata_1_2.shp,Id,-1,-1,Z:\GEOG5790\project\data\shp\alldata_1_3.shp,Id,-1,-1,Z:\GEOG5790\project\data\shp\alldata_4_11.shp,Id,-1,-1,Z:\GEOG5790\project\data\shp\alldata_6_28.shp,Id,-1,-1,Z:\GEOG5790\project\data\shp\alldata_2_30.shp,Id,-1,-1,Z:\GEOG5790\project\data\shp\alldata_4_12.shp,Id,-1,-1,Z:\GEOG5790\project\data\shp\alldata_10_37.shp,Id,-1,-1,Z:\GEOG5790\project\data\shp\alldata_10_36.shp,Id,-1,-1,Z:\GEOG5790\project\data\shp\alldata_3_34.shp,Id,-1,-1,Z:\GEOG5790\project\data\shp\alldata_1_1.shp,Id,-1,-1,Z:\GEOG5790\project\data\shp\alldata_2_31.shp,Id,-1,-1,Z:\GEOG5790\project\data\shp\alldata_3_35.shp,Id,-1,-1,Z:\GEOG5790\project\data\shp\alldata_6_27.shp,Id,-1,-1,Z:\GEOG5790\project\data\shp\alldata_2_29.shp,Id,-1,-1,Z:\GEOG5790\project\data\shp\alldata_10_38.shp,Id,-1,-1,Z:\GEOG5790\project\data\shp\alldata_10_39.shp,Id,-1,-1;easting "easting" true true false 10 Long 0 10 ,First,#,Z:\GEOG5790\project\data\shp\alldata_1_2.shp,easting,-1,-1,Z:\GEOG5790\project\data\shp\alldata_1_3.shp,easting,-1,-1,Z:\GEOG5790\project\data\shp\alldata_4_11.shp,easting,-1,-1,Z:\GEOG5790\project\data\shp\alldata_6_28.shp,easting,-1,-1,Z:\GEOG5790\project\data\shp\alldata_2_30.shp,easting,-1,-1,Z:\GEOG5790\project\data\shp\alldata_4_12.shp,easting,-1,-1,Z:\GEOG5790\project\data\shp\alldata_10_37.shp,easting,-1,-1,Z:\GEOG5790\project\data\shp\alldata_10_36.shp,easting,-1,-1,Z:\GEOG5790\project\data\shp\alldata_3_34.shp,easting,-1,-1,Z:\GEOG5790\project\data\shp\alldata_1_1.shp,easting,-1,-1,Z:\GEOG5790\project\data\shp\alldata_2_31.shp,easting,-1,-1,Z:\GEOG5790\project\data\shp\alldata_3_35.shp,easting,-1,-1,Z:\GEOG5790\project\data\shp\alldata_6_27.shp,easting,-1,-1,Z:\GEOG5790\project\data\shp\alldata_2_29.shp,easting,-1,-1,Z:\GEOG5790\project\data\shp\alldata_10_38.shp,easting,-1,-1,Z:\GEOG5790\project\data\shp\alldata_10_39.shp,easting,-1,-1;northing "northing" true true false 10 Long 0 10 ,First,#,Z:\GEOG5790\project\data\shp\alldata_1_2.shp,northing,-1,-1,Z:\GEOG5790\project\data\shp\alldata_1_3.shp,northing,-1,-1,Z:\GEOG5790\project\data\shp\alldata_4_11.shp,northing,-1,-1,Z:\GEOG5790\project\data\shp\alldata_6_28.shp,northing,-1,-1,Z:\GEOG5790\project\data\shp\alldata_2_30.shp,northing,-1,-1,Z:\GEOG5790\project\data\shp\alldata_4_12.shp,northing,-1,-1,Z:\GEOG5790\project\data\shp\alldata_10_37.shp,northing,-1,-1,Z:\GEOG5790\project\data\shp\alldata_10_36.shp,northing,-1,-1,Z:\GEOG5790\project\data\shp\alldata_3_34.shp,northing,-1,-1,Z:\GEOG5790\project\data\shp\alldata_1_1.shp,northing,-1,-1,Z:\GEOG5790\project\data\shp\alldata_2_31.shp,northing,-1,-1,Z:\GEOG5790\project\data\shp\alldata_3_35.shp,northing,-1,-1,Z:\GEOG5790\project\data\shp\alldata_6_27.shp,northing,-1,-1,Z:\GEOG5790\project\data\shp\alldata_2_29.shp,northing,-1,-1,Z:\GEOG5790\project\data\shp\alldata_10_38.shp,northing,-1,-1,Z:\GEOG5790\project\data\shp\alldata_10_39.shp,northing,-1,-1;notation "notation" true true false 254 Text 0 0 ,First,#,Z:\GEOG5790\project\data\shp\alldata_1_2.shp,notation,-1,-1,Z:\GEOG5790\project\data\shp\alldata_1_3.shp,notation,-1,-1,Z:\GEOG5790\project\data\shp\alldata_4_11.shp,notation,-1,-1,Z:\GEOG5790\project\data\shp\alldata_6_28.shp,notation,-1,-1,Z:\GEOG5790\project\data\shp\alldata_2_30.shp,notation,-1,-1,Z:\GEOG5790\project\data\shp\alldata_4_12.shp,notation,-1,-1,Z:\GEOG5790\project\data\shp\alldata_10_37.shp,notation,-1,-1,Z:\GEOG5790\project\data\shp\alldata_10_36.shp,notation,-1,-1,Z:\GEOG5790\project\data\shp\alldata_3_34.shp,notation,-1,-1,Z:\GEOG5790\project\data\shp\alldata_1_1.shp,notation,-1,-1,Z:\GEOG5790\project\data\shp\alldata_2_31.shp,notation,-1,-1,Z:\GEOG5790\project\data\shp\alldata_3_35.shp,notation,-1,-1,Z:\GEOG5790\project\data\shp\alldata_6_27.shp,notation,-1,-1,Z:\GEOG5790\project\data\shp\alldata_2_29.shp,notation,-1,-1,Z:\GEOG5790\project\data\shp\alldata_10_38.shp,notation,-1,-1,Z:\GEOG5790\project\data\shp\alldata_10_39.shp,notation,-1,-1;label "label" true true false 254 Text 0 0 ,First,#,Z:\GEOG5790\project\data\shp\alldata_1_2.shp,label,-1,-1,Z:\GEOG5790\project\data\shp\alldata_1_3.shp,label,-1,-1,Z:\GEOG5790\project\data\shp\alldata_4_11.shp,label,-1,-1,Z:\GEOG5790\project\data\shp\alldata_6_28.shp,label,-1,-1,Z:\GEOG5790\project\data\shp\alldata_2_30.shp,label,-1,-1,Z:\GEOG5790\project\data\shp\alldata_4_12.shp,label,-1,-1,Z:\GEOG5790\project\data\shp\alldata_10_37.shp,label,-1,-1,Z:\GEOG5790\project\data\shp\alldata_10_36.shp,label,-1,-1,Z:\GEOG5790\project\data\shp\alldata_3_34.shp,label,-1,-1,Z:\GEOG5790\project\data\shp\alldata_1_1.shp,label,-1,-1,Z:\GEOG5790\project\data\shp\alldata_2_31.shp,label,-1,-1,Z:\GEOG5790\project\data\shp\alldata_3_35.shp,label,-1,-1,Z:\GEOG5790\project\data\shp\alldata_6_27.shp,label,-1,-1,Z:\GEOG5790\project\data\shp\alldata_2_29.shp,label,-1,-1,Z:\GEOG5790\project\data\shp\alldata_10_38.shp,label,-1,-1,Z:\GEOG5790\project\data\shp\alldata_10_39.shp,label,-1,-1"</Process></lineage><itemProps><itemName Sync="TRUE">england_wq_locs</itemName><imsContentType Sync="TRUE">002</imsContentType><itemSize Sync="TRUE">0.000</itemSize><itemLocation><linkage Sync="TRUE">file://\\see-fs-01.leeds.ac.uk\ee13amh\GEOG5790\project\data\shp\england_wq_locs.shp</linkage><protocol Sync="TRUE">Local Area Network</protocol></itemLocation></itemProps><coordRef><type Sync="TRUE">Projected</type><geogcsn Sync="TRUE">GCS_OSGB_1936</geogcsn><csUnits Sync="TRUE">Linear Unit: Meter (1.000000)</csUnits><projcsn Sync="TRUE">British_National_Grid</projcsn><peXml Sync="TRUE">&lt;ProjectedCoordinateSystem xsi:type='typens:ProjectedCoordinateSystem' xmlns:xsi='http://www.w3.org/2001/XMLSchema-instance' xmlns:xs='http://www.w3.org/2001/XMLSchema' xmlns:typens='http://www.esri.com/schemas/ArcGIS/10.6'&gt;&lt;WKT&gt;PROJCS[&amp;quot;British_National_Grid&amp;quot;,GEOGCS[&amp;quot;GCS_OSGB_1936&amp;quot;,DATUM[&amp;quot;D_OSGB_1936&amp;quot;,SPHEROID[&amp;quot;Airy_1830&amp;quot;,6377563.396,299.3249646]],PRIMEM[&amp;quot;Greenwich&amp;quot;,0.0],UNIT[&amp;quot;Degree&amp;quot;,0.0174532925199433]],PROJECTION[&amp;quot;Transverse_Mercator&amp;quot;],PARAMETER[&amp;quot;False_Easting&amp;quot;,400000.0],PARAMETER[&amp;quot;False_Northing&amp;quot;,-100000.0],PARAMETER[&amp;quot;Central_Meridian&amp;quot;,-2.0],PARAMETER[&amp;quot;Scale_Factor&amp;quot;,0.9996012717],PARAMETER[&amp;quot;Latitude_Of_Origin&amp;quot;,49.0],UNIT[&amp;quot;Meter&amp;quot;,1.0],AUTHORITY[&amp;quot;EPSG&amp;quot;,27700]]&lt;/WKT&gt;&lt;XOrigin&gt;-5220400&lt;/XOrigin&gt;&lt;YOrigin&gt;-15524400&lt;/YOrigin&gt;&lt;XYScale&gt;450481592.76709664&lt;/XYScale&gt;&lt;ZOrigin&gt;-100000&lt;/ZOrigin&gt;&lt;ZScale&gt;10000&lt;/ZScale&gt;&lt;MOrigin&gt;-100000&lt;/MOrigin&gt;&lt;MScale&gt;10000&lt;/MScale&gt;&lt;XYTolerance&gt;0.001&lt;/XYTolerance&gt;&lt;ZTolerance&gt;0.001&lt;/ZTolerance&gt;&lt;MTolerance&gt;0.001&lt;/MTolerance&gt;&lt;HighPrecision&gt;true&lt;/HighPrecision&gt;&lt;WKID&gt;27700&lt;/WKID&gt;&lt;LatestWKID&gt;27700&lt;/LatestWKID&gt;&lt;/ProjectedCoordinateSystem&gt;</peXml></coordRef></DataProperties><SyncDate>20190503</SyncDate><SyncTime>18013400</SyncTime><ModDate>20190503</ModDate><ModTime>18013400</ModTime></Esri><dataIdInfo><envirDesc Sync="TRUE">Microsoft Windows 7 Version 6.1 (Build 7601) Service Pack 1; Esri ArcGIS 10.6.0.8321</envirDesc><dataLang><languageCode value="eng" Sync="TRUE"></languageCode><countryCode value="GBR" Sync="TRUE"></countryCode></dataLang><idCitation><resTitle Sync="TRUE">england_wq_locs</resTitle><presForm><PresFormCd value="005" Sync="TRUE"></PresFormCd></presForm></idCitation><spatRpType><SpatRepTypCd value="001" Sync="TRUE"></SpatRepTypCd></spatRpType></dataIdInfo><mdLang><languageCode value="eng" Sync="TRUE"></languageCode><countryCode value="GBR" Sync="TRUE"></countryCode></mdLang><GEMINI_Metadata><IdentificationInfo><spatialRepresentationType codeList="001"></spatialRepresentationType></IdentificationInfo><dateStamp>20190503</dateStamp><metadataStandardName>UK GEMINI Standard</metadataStandardName><metadataStandardVersion>1.0</metadataStandardVersion><referenceSystemInfo><referenceSystemIdentifier><code>001</code></referenceSystemIdentifier></referenceSystemInfo></GEMINI_Metadata><distInfo><distFormat><formatName Sync="TRUE">Shapefile</formatName></distFormat><distTranOps><transSize Sync="TRUE">0.000</transSize></distTranOps></distInfo><mdHrLv><ScopeCd value="005" Sync="TRUE"></ScopeCd></mdHrLv><mdHrLvName Sync="TRUE">dataset</mdHrLvName><refSysInfo><RefSystem><refSysID><identCode code="27700" Sync="TRUE"></identCode><idCodeSpace Sync="TRUE">EPSG</idCodeSpace><idVersion Sync="TRUE">8.9.5(3.0.1)</idVersion></refSysID></RefSystem></refSysInfo><spatRepInfo><VectSpatRep><geometObjs Name="england_wq_locs"><geoObjTyp><GeoObjTypCd value="004" Sync="TRUE"></GeoObjTypCd></geoObjTyp><geoObjCnt Sync="TRUE">0</geoObjCnt></geometObjs><topLvl><TopoLevCd value="001" Sync="TRUE"></TopoLevCd></topLvl></VectSpatRep></spatRepInfo><spdoinfo><ptvctinf><esriterm Name="england_wq_locs"><efeatyp Sync="TRUE">Simple</efeatyp><efeageom code="1" Sync="TRUE"></efeageom><esritopo Sync="TRUE">FALSE</esritopo><efeacnt Sync="TRUE">0</efeacnt><spindex Sync="TRUE">FALSE</spindex><linrefer Sync="TRUE">FALSE</linrefer></esriterm></ptvctinf></spdoinfo><eainfo><detailed Name="england_wq_locs"><enttyp><enttypl Sync="TRUE">england_wq_locs</enttypl><enttypt Sync="TRUE">Feature Class</enttypt><enttypc Sync="TRUE">0</enttypc></enttyp><attr><attrlabl Sync="TRUE">FID</attrlabl><attalias Sync="TRUE">FID</attalias><attrtype Sync="TRUE">OID</attrtype><attwidth Sync="TRUE">4</attwidth><atprecis Sync="TRUE">0</atprecis><attscale Sync="TRUE">0</attscale><attrdef Sync="TRUE">Internal feature number.</attrdef><attrdefs Sync="TRUE">Esri</attrdefs><attrdomv><udom Sync="TRUE">Sequential unique whole numbers that are automatically generated.</udom></attrdomv></attr><attr><attrlabl Sync="TRUE">Shape</attrlabl><attalias Sync="TRUE">Shape</attalias><attrtype Sync="TRUE">Geometry</attrtype><attwidth Sync="TRUE">0</attwidth><atprecis Sync="TRUE">0</atprecis><attscale Sync="TRUE">0</attscale><attrdef Sync="TRUE">Feature geometry.</attrdef><attrdefs Sync="TRUE">Esri</attrdefs><attrdomv><udom Sync="TRUE">Coordinates defining the features.</udom></attrdomv></attr><attr><attrlabl Sync="TRUE">Id</attrlabl><attalias Sync="TRUE">Id</attalias><attrtype Sync="TRUE">Integer</attrtype><attwidth Sync="TRUE">10</attwidth><atprecis Sync="TRUE">10</atprecis><attscale Sync="TRUE">0</attscale></attr><attr><attrlabl Sync="TRUE">easting</attrlabl><attalias Sync="TRUE">easting</attalias><attrtype Sync="TRUE">Integer</attrtype><attwidth Sync="TRUE">10</attwidth><atprecis Sync="TRUE">10</atprecis><attscale Sync="TRUE">0</attscale></attr><attr><attrlabl Sync="TRUE">northing</attrlabl><attalias Sync="TRUE">northing</attalias><attrtype Sync="TRUE">Integer</attrtype><attwidth Sync="TRUE">10</attwidth><atprecis Sync="TRUE">10</atprecis><attscale Sync="TRUE">0</attscale></attr><attr><attrlabl Sync="TRUE">notation</attrlabl><attalias Sync="TRUE">notation</attalias><attrtype Sync="TRUE">String</attrtype><attwidth Sync="TRUE">254</attwidth><atprecis Sync="TRUE">0</atprecis><attscale Sync="TRUE">0</attscale></attr><attr><attrlabl Sync="TRUE">label</attrlabl><attalias Sync="TRUE">label</attalias><attrtype Sync="TRUE">String</attrtype><attwidth Sync="TRUE">254</attwidth><atprecis Sync="TRUE">0</atprecis><attscale Sync="TRUE">0</attscale></attr></detailed></eainfo><mdDateSt Sync="TRUE">20190503</mdDateSt><gmd:GEMINI_Metadata xmlns:gmd="http://www.isotc211.org/2005/gmd" xmlns:xsi="http://www.w3.org/2001/XMLSchema-instance" xmlns:gco="http://www.isotc211.org/2005/gco" xmlns:srv="http://www.isotc211.org/2005/srv" xmlns:gts="http://www.isotc211.org/2005/gts" xmlns:gml="http://www.opengis.net/gml" xmlns:xlink="http://www.w3.org/1999/xlink" xmlns:msxsl="urn:schemas-microsoft-com:xslt">
		<gmd:hierarchyLevel>
			<gmd:MD_ScopeCode codeList="http://standards.iso.org/ittf/PubliclyAvailableStandards/ISO_19139_Schemas/resources/Codelist/gmxCodelists.xml#MD_ScopeCode" codeListValue="dataset">Dataset</gmd:MD_ScopeCode>
		</gmd:hierarchyLevel>
		<gmd:dateStamp>
			<gco:Date>2019-05-03</gco:Date>
		</gmd:dateStamp>
		<gmd:language>
			<gmd:LanguageCode codeList="http://www.loc.gov/standards/iso639-2/php/code_list.php" codeListValue="eng">English</gmd:LanguageCode>
		</gmd:language>
		<gmd:identificationInfo>
			<gmd:MD_DataIdentification>
				<gmd:spatialResolution>
					<gmd:MD_Resolution>
						<gmd:distance>
							<gco:Distance uom="Meters">2.21984652881702E-09</gco:Distance>
						</gmd:distance>
					</gmd:MD_Resolution>
				</gmd:spatialResolution>
				<gmd:citation>
					<gmd:CI_Citation>
						<gmd:title>
							<gco:CharacterString>england_wq_locs</gco:CharacterString>
						</gmd:title>
					</gmd:CI_Citation>
				</gmd:citation>
				<gmd:extent>
					<gmd:EX_Extent>
						<gmd:verticalElement>
							<gmd:EX_VerticalExtent>
								<gmd:minimumValue>
									<gco:Real>-100000.00</gco:Real>
								</gmd:minimumValue>
								<gmd:maximumValue>
									<gco:Real>900719825474.10</gco:Real>
								</gmd:maximumValue>
								<gmd:verticalCRS xlink:href=""/>
							</gmd:EX_VerticalExtent>
						</gmd:verticalElement>
					</gmd:EX_Extent>
				</gmd:extent>
			</gmd:MD_DataIdentification>
		</gmd:identificationInfo>
		<gmd:distributionInfo>
			<gmd:MD_Distribution>
				<gmd:transferOptions>
					<gmd:MD_DigitalTransferOptions>
						<gmd:onLine>
							<gmd:CI_OnlineResource>
								<gmd:linkage>
									<gmd:URL>\\see-fs-01.leeds.ac.uk\ee13amh\GEOG5790\project\data\shp\england_wq_locs.shp</gmd:URL>
								</gmd:linkage>
							</gmd:CI_OnlineResource>
						</gmd:onLine>
					</gmd:MD_DigitalTransferOptions>
				</gmd:transferOptions>
			</gmd:MD_Distribution>
		</gmd:distributionInfo>
		<gmd:referenceSystemInfo>
			<gmd:MD_ReferenceSystem>
				<gmd:referenceSystemIdentifier>
					<gmd:RS_Identifier>
						<gmd:code>
							<gco:CharacterString>Great Britain National Grid</gco:CharacterString>
						</gmd:code>
					</gmd:RS_Identifier>
				</gmd:referenceSystemIdentifier>
			</gmd:MD_ReferenceSystem>
		</gmd:referenceSystemInfo>
	</gmd:GEMINI_Metadata></metadata>
